INSERT INTO users (username, type, pass_token, auth_type, email, state,
description, img_path, points) VALUES ('Orli Dominguez', 'REGULAR',
'EUB20LRK6WF', '1', 'et@vulputatelacusCras.com', 'INACTIVE', 'et ipsum cursus
vestibulum. Mauris magna. Duis dignissim tempor arcu. Vestibulum ut', '1.png', 787);
INSERT INTO users (username, type, pass_token, auth_type, email, state,
description, img_path, points) VALUES ('Jackson Washington', 'REGULAR',
'PPT71JNO2ZS', '1', 'egestas@Cumsociis.net', 'ACTIVE', 'euismod urna. Nullam
lobortis quam a felis ullamcorper', '2.png', 329);
INSERT INTO users (username, type, pass_token, auth_type, email, state,
description, img_path, points) VALUES ('Piper E. Dale', 'ADMIN', 'STA70JVU4OJ',
'0', 'ante.iaculis.nec@enimCurabiturmassa.net', 'ACTIVE', 'mauris erat eget ipsum.
Suspendisse sagittis. Nullam vitae diam. Proin dolor.', '3.png', 281);
INSERT INTO users (username, type, pass_token, auth_type, email, state,
description, img_path, points) VALUES ('Ruth A. Rodgers', 'REGULAR',
'QRC88GVQ5FC', '0', 'convallis@loremDonec.org', 'BANNED', 'enim diam vel arcu.
Curabitur ut odio vel est tempor bibendum. Donec felis', '4.png', 118);
INSERT INTO users (username, type, pass_token, auth_type, email, state,
description, img_path, points) VALUES ('Chaim Grimes', 'REGULAR', 'YUV38DJX4MF',
'1', 'sed@arcuVestibulumut.ca', 'BANNED', 'mauris, rhoncus  mollis nec, cursus
a, ', '5.png', 897);
INSERT INTO users (username, type, pass_token, auth_type, email, state,
description, img_path, points) VALUES ('Acton V. Deleon', 'REGULAR',
'GTS53IRN6IW', '1', 'luctus@sit.edu', 'BANNED', 'lacinia at, iaculis quis, pede.
Praesent eu dui. Cum sociis natoque', '6.png', 414);
INSERT INTO users (username, type, pass_token, auth_type, email, state,
description, img_path, points) VALUES ('Miranda Tran', 'REGULAR', 'SCF27ITP4PO',
'1', 'magnis.dis.parturient@Fuscealiquetmagna.org', 'INACTIVE', 'molestie tortor
nibh sit amet orci. Ut sagittis lobortis mauris. Suspendisse', '7.png', 885);
INSERT INTO users ( username, type, pass_token, auth_type, email, state,
description, img_path, points) VALUES ('Ciara Mays', 'REGULAR', 'IHQ00DSP8WP',
'1', 'ipsum@arcuNuncmauris.edu', 'BANNED', 'Integer vitae nibh. Donec est mauris,
rhoncus  mollis nec, cursus a, enim. Suspendisse aliquet, ', '8.png', 929);
INSERT INTO users ( username, type, pass_token, auth_type, email, state,
description, img_path, points) VALUES ('Courtney Pollard', 'REGULAR',
'HFQ25QLG9PF', '1', 'a.tortor.Nunc@ligulaeu.ca', 'INACTIVE', 'Sed diam lorem,
auctor quis, tristique ac, eleifend vitae, erat. Vivamus nisi.', '9.png', 399);
INSERT INTO users ( username, type, pass_token, auth_type, email, state,
description, img_path, points) VALUES ('Bryar D. Watts', 'REGULAR',
'AOK00QZO8ZA', '1', 'amet@vitaesodalesnisi.org', 'BANNED', 'augue malesuada
malesuada. Integer id magna et ipsum cursus', '10.png', 307);
INSERT INTO users ( username, type, pass_token, auth_type, email, state,
description, img_path, points) VALUES ('Yoko Slater', 'ADMIN', 'ACE62ABA0ZP',
'1', 'tincidunt@eu.ca', 'INACTIVE', 'Duis elementum, dui quis accumsan', '11.png',
94);
INSERT INTO users ( username, type, pass_token, auth_type, email, state,
description, img_path, points) VALUES ('Katell J. Coleman', 'REGULAR',
'PKQ89WPE1RK', '0', 'lorem.luctus@Aliquamerat.edu', 'BANNED', 'Donec tempus, lorem
fringilla ornare placerat, orci lacus vestibulum lorem, sit amet ultricies sem
magna', '12.png', 908);
INSERT INTO users ( username, type, pass_token, auth_type, email, state,
description, img_path, points) VALUES ('Tanner E. Dean', 'REGULAR',
'OOU71RVL4GU', '0', 'ligula.eu@eu.ca', 'ACTIVE', 'pede sagittis augue, eu tempor
erat', '13.png', 919);
INSERT INTO users ( username, type, pass_token, auth_type, email, state,
description, img_path, points) VALUES ('Christopher Tanner', 'REGULAR',
'JAC15KKO4FB', '1', 'lorem.ipsum.sodales@amet.com', 'INACTIVE', 'Integer urna.
Vivamus molestie dapibus ligula. Aliquam', '14.png', 987);
INSERT INTO users ( username, type, pass_token, auth_type, email, state,
description, img_path, points) VALUES ('Kyra Chapman', 'REGULAR',
'WHZ01AZR9VR', '0', 'Maecenas@dictum.com', 'ACTIVE', 'dictum ultricies ligula.
Nullam enim. Sed nulla ante, iaculis nec, eleifend', '15.png', 533);
INSERT INTO users ( username, type, pass_token, auth_type, email, state,
description, img_path, points) VALUES ('Steven Nelson', 'REGULAR',
'BIQ73DKL1BJ', '0', 'augue.malesuada.malesuada@nisiMauris.org', 'ACTIVE', 'Cras
eget nisi dictum augue malesuada malesuada. Integer id magna et ipsum', '16.png',
206);
INSERT INTO users ( username, type, pass_token, auth_type, email, state,
description, img_path, points) VALUES ('Maryam Mason', 'REGULAR',
'FYU36EDI3QV', '0', 'nunc@nonsollicitudin.ca', 'INACTIVE', 'dapibus gravida.
Aliquam tincidunt, nunc ac mattis ornare, ', '17.png', 200);
INSERT INTO users ( username, type, pass_token, auth_type, email, state,
description, img_path, points) VALUES ('Maggy Oneil', 'REGULAR', 'JKB52QPJ0GG',
'1', 'tristique.pharetra.Quisque@ametdapibusid.com', 'BANNED', 'mus. Proin vel
arcu eu odio tristique pharetra. Quisque ac libero nec', '18.png', 281);
INSERT INTO users ( username, type, pass_token, auth_type, email, state,
description, img_path, points) VALUES ('Bryar Stokes', 'REGULAR',
'QLF57BJU1WF', '0', 'arcu@non.org', 'INACTIVE', 'Aenean gravida nunc sed pede. Cum
sociis natoque penatibus et magnis dis parturient', '19.png', 216);
INSERT INTO users ( username, type, pass_token, auth_type, email, state,
description, img_path, points) VALUES ('Jamal I. Mathis', 'REGULAR',
'UXS09API3HS', '0', 'adipiscing.non@magna.net', 'BANNED', 'ut quam vel sapien
imperdiet ornare. In faucibus. Morbi vehicula. Pellentesque tincidunt tempus',
'20.png', 333);
INSERT INTO users ( username, type, pass_token, auth_type, email, state,
description, img_path, points) VALUES ('Ursula Vazquez', 'REGULAR',
'LDB48CTF6AC', '1', 'sociis@ametconsectetuer.edu', 'INACTIVE', 'et tristique
pellentesque, tellus sem mollis dui, in', '21.png', 306);
INSERT INTO users ( username, type, pass_token, auth_type, email, state,
description, img_path, points) VALUES ('Yvette Simmons', 'REGULAR',
'KGZ54ZDK4ZY', '0', 'dapibus.quam.quis@inlobortistellus.net', 'ACTIVE', 'felis
purus ac tellus. Suspendisse sed dolor.', '22.png', 456);
INSERT INTO users ( username, type, pass_token, auth_type, email, state,
description, img_path, points) VALUES ('Noelle Reese', 'REGULAR',
'MHL66YCM0MB', '1', 'urna.nec.luctus@In.ca', 'ACTIVE', 'et magnis dis parturient
montes, nascetur ridiculus mus. Donec', '23.png', 195);
INSERT INTO users ( username, type, pass_token, auth_type, email, state,
description, img_path, points) VALUES ('Imelda Gill', 'REGULAR', 'JRU29IMQ3IL',
'1', 'ullamcorper.viverra@justofaucibus.co.uk', 'INACTIVE', 'fames ac turpis
egestas. Fusce aliquet magna a neque. Nullam ut nisi', '24.png', 911);
INSERT INTO users ( username, type, pass_token, auth_type, email, state,
description, img_path, points) VALUES ('Jacqueline Hendrix', 'REGULAR',
'ZKV92SER3TA', '0', 'odio.sagittis.semper@Cras.org', 'INACTIVE', 'fringilla cursus
purus. Nullam scelerisque', '25.png', 955);
INSERT INTO Subject (name) VALUES ('Performance');
INSERT INTO Subject (name) VALUES ('Reliability');
INSERT INTO Subject (name) VALUES ('Offensive language');
INSERT INTO Subject (name) VALUES ('My post have been removed');
INSERT INTO Subject (name) VALUES ('Forgot password');
INSERT INTO Contact ( message, userID, subjectID) VALUES ('non,
lobortis quis, pede. Suspendisse dui.', 31, 6);
INSERT INTO Contact ( message, userID, subjectID) VALUES ( 'neque
venenatis lacus. Etiam bibendum fermentum metus. Aenean sed pede nec', 32, 7);
INSERT INTO Contact ( message, userID, subjectID) VALUES ( 'lacus.
Quisque imperdiet, erat nonummy ultricies ornare, elit elit fermentum risus, ', 33, 7);
INSERT INTO Contact ( message, userID, subjectID) VALUES ( 'Nulla
aliquet. Proin velit. Sed', 34, 8);
INSERT INTO Contact ( message, userID, subjectID) VALUES ( 'ornare
placerat, orci lacus vestibulum lorem, sit amet ultricies sem magna nec quam.
Curabitur vel lectus. Cum sociis natoque penatibus et magnis', 35,
9);
INSERT INTO Contact ( message, userID, subjectID) VALUES ( 'lorem ut
aliquam iaculis, lacus pede sagittis augue, eu tempor erat', 36,
9);
INSERT INTO Contact ( message, userID, subjectID) VALUES ( 'gravida
molestie arcu. Sed eu nibh vulputate', 37, 10);
INSERT INTO Contact ( message, userID, subjectID) VALUES ( 'libero
et tristique pellentesque, tellus sem mollis dui, in sodales elit erat vitae
risus. Duis a mi fringilla', 38, 7);
INSERT INTO Contact ( message, userID, subjectID) VALUES ( 'Aliquam
erat volutpat. Nulla dignissim. Maecenas ornare egestas ligula.',
39, 8);
INSERT INTO Contact ( message, userID, subjectID) VALUES ( 'placerat
velit. Quisque varius. Nam porttitor scelerisque neque. Nullam nisl. Maecenas
malesuada fringilla est. Mauris eu turpis. Nulla', 30, 9);
INSERT INTO Tag ( name) VALUES ( 'figds');
INSERT INTO Tag ( name) VALUES ( 'finqm');
INSERT INTO Tag ( name) VALUES ( 'xztxi');
INSERT INTO Tag ( name) VALUES ( 'uglqg');
INSERT INTO Tag ( name) VALUES ( 'axkse');
INSERT INTO Tag ( name) VALUES ( 'rgxol');
INSERT INTO Tag ( name) VALUES ( 'tsyie');
INSERT INTO Tag ( name) VALUES ( 'jxayz');
INSERT INTO Tag ( name) VALUES ( 'fuzki');
INSERT INTO Tag ( name) VALUES ( 'fdvwk');
INSERT INTO Post ( posterId, content, isVisible, points) VALUES (31,'Donec dignissim magna a tortor. Nunc commodo auctor velit. Aliquam nisl.
Nulla eu neque pellentesque massa lobortis ultrices. Vivamus rhoncus. Donec est.
Nunc ullamcorper','true', 1);
INSERT INTO Post ( posterId, content, isVisible, points) VALUES (32,'at arcu. Vestibulum ante ipsum primis in faucibus orci luctus et ultrices
posuere cubilia Curae; Donec tincidunt. Donec vitae erat', 'false',
3);
INSERT INTO Post ( posterId, content, isVisible, points) VALUES (33, 'sem egestas blandit. Nam nulla magna, malesuada vel, convallis in, cursus
et, eros. Proin ultrices.', 'false', 1);
INSERT INTO Post ( posterId, content, isVisible, points) VALUES (34,'Suspendisse dui. Fusce diam nunc, ullamcorper eu, euismod ac, fermentum
vel, mauris. Integer sem elit, pharetra ut, pharetra sed, hendrerit a', 'true', 1);
INSERT INTO Post ( posterId, content, isVisible, points) VALUES (35,'id magna et ipsum cursus vestibulum. Mauris magna. Duis dignissim tempor
arcu. Vestibulum ut eros non enim commodo', 'true', 1);
INSERT INTO Post ( posterId, content, isVisible, points) VALUES (31,'risus. Morbi metus. Vivamus euismod urna. Nullam lobortis quam a felis
ullamcorper viverra. Maecenas iaculis aliquet diam.', 'false', 1);
INSERT INTO Post ( posterId, content, isVisible, points) VALUES (36,'a, enim. Suspendisse aliquet, sem ut cursus luctus, ipsum leo elementum
sem, vitae aliquam eros turpis non enim. Mauris quis turpis',
'false', 1);
INSERT INTO Post ( posterId, content, isVisible, points) VALUES (37,'justo. Proin non massa non ante bibendum ullamcorper. Duis cursus, diam at
pretium aliquet, metus urna convallis erat', 'false', 1);
INSERT INTO Post ( posterId, content, isVisible, points) VALUES (38,'dolor dolor, tempus non, lacinia at, iaculis quis, pede. Praesent eu dui.
Cum sociis natoque penatibus et magnis dis parturient', 'false',
3);
INSERT INTO Post ( posterId, content, isVisible, points) VALUES (39,'dictum eu, eleifend nec, malesuada ut, sem. Nulla interdum. Curabitur
dictum. Phasellus in felis. Nulla tempor augue ac ipsum. Phasellus', 'true', 2);
INSERT INTO Post ( posterId, content, isVisible, points) VALUES (40,'Duis risus odio, auctor vitae, aliquet nec, imperdiet nec, leo. Morbi
neque tellus, imperdiet non, vestibulum nec, euismod in, dolor. Fusce feugiat.
Lorem', 'false', 2);
INSERT INTO Post ( posterId, content, isVisible, points) VALUES (41,'auctor non, feugiat nec, diam. Duis mi enim, condimentum eget, volutpat
ornare, facilisis eget, ipsum. Donec sollicitudin adipiscing ligula. Aenean', 'false', 2);
INSERT INTO Post ( posterId, content, isVisible, points) VALUES (42,'auctor velit. Aliquam nisl. Nulla eu neque pellentesque massa lobortis
ultrices. Vivamus rhoncus. Donec est. Nunc ullamcorper,', 'true',
3);
INSERT INTO Post ( posterId, content, isVisible, points) VALUES (41,'Curae; Donec tincidunt. Donec vitae erat vel pede blandit congue. In
scelerisque scelerisque dui. Suspendisse ac metus vitae velit egestas lacinia.', 'false', 1);
INSERT INTO Post ( posterId, content, isVisible, points) VALUES (43,'Integer tincidunt aliquam arcu. Aliquam ultrices iaculis odio. Nam
interdum enim non nisi. Aenean eget metus.', 'false', 2);
INSERT INTO Post ( posterId, content, isVisible, points) VALUES (41,'eget mollis lectus pede et risus. Quisque libero lacus, varius et, euismod
et, commodo at, libero. Morbi accumsan laoreet ipsum. Curabitur consequat, lectus
sit', 'false', 2);
INSERT INTO Post ( posterId, content, isVisible, points) VALUES (42,'cursus vestibulum. Mauris magna. Duis dignissim tempor arcu. Vestibulum ut
eros non enim commodo hendrerit. Donec porttitor tellus non magna. Nam ligula
elit, pretium', 'true', 1);
INSERT INTO Post ( posterId, content, isVisible, points) VALUES (44,'eget nisi dictum augue malesuada malesuada. Integer id magna et ipsum
cursus vestibulum. Mauris magna. Duis dignissim', 'false', 2);
INSERT INTO Post ( posterId, content, isVisible, points) VALUES (45,'arcu. Vestibulum ante ipsum primis in faucibus orci luctus et ultrices
posuere cubilia Curae; Donec tincidunt. Donec vitae erat', 'true',
1);
INSERT INTO Post ( posterId, content, isVisible, points) VALUES (46,'enim consequat purus. Maecenas libero est, congue a, aliquet vel, vulputate
eu,', 'false', 2);
INSERT INTO Post ( posterId, content, isVisible, points) VALUES (47,'nulla. Integer urna. Vivamus molestie dapibus ligula. Aliquam erat volutpat.
Nulla dignissim. Maecenas ornare egestas ligula. Nullam feugiat placerat velit.
Quisque', 'true', 1);
INSERT INTO Post ( posterId, content, isVisible, points) VALUES (48,'lacinia mattis. Integer eu lacus. Quisque imperdiet, erat nonummy
ultricies ornare, elit elit fermentum risus, at', 'true', 2);
INSERT INTO Post ( posterId, content, isVisible, points) VALUES (49,'ut dolor dapibus gravida. Aliquam tincidunt, nunc ac mattis ornare, lectus
ante dictum mi, ac mattis velit justo', 'true', 2);
INSERT INTO Post ( posterId, content, isVisible, points) VALUES (50,'Cum sociis natoque penatibus et magnis dis parturient montes, nascetur
ridiculus mus. Proin vel arcu eu odio', 'true', 1);
INSERT INTO Post ( posterId, content, isVisible, points) VALUES (41,'aliquet, sem ut cursus luctus, ipsum leo elementum sem, vitae aliquam eros
turpis non enim. Mauris quis', 'false', 2);
INSERT INTO Post ( posterId, content, isVisible, points) VALUES (41,'auctor, velit eget laoreet posuere, enim nisl elementum purus, accumsan
interdum', 'false', 3);
INSERT INTO Post ( posterId, content, isVisible, points) VALUES (41,'bibendum sed, est. Nunc laoreet lectus quis massa. Mauris vestibulum,
neque sed dictum eleifend, nunc risus varius orci, in consequat',
'false', 3);
INSERT INTO Post ( posterId, content, isVisible, points) VALUES (41,'scelerisque scelerisque dui. Suspendisse ac metus vitae velit egestas
lacinia. Sed', 'false', 1);
INSERT INTO Post ( posterId, content, isVisible, points) VALUES (41,'ullamcorper. Duis at lacus. Quisque purus sapien, gravida non,
sollicitudin a, malesuada  erat. Etiam vestibulum', 'false', 2);
INSERT INTO Post ( posterId, content, isVisible, points) VALUES (41,'lacus. Quisque imperdiet, erat nonummy ultricies ornare, elit elit
fermentum risus, at fringilla purus mauris a nunc. In at pede. Cras vulputate', 'true', 3);
INSERT INTO Post ( posterId, content, isVisible, points) VALUES (42,'orci. Ut semper pretium neque. Morbi quis urna. Nunc quis arcu vel quam
dignissim', 'false', 3);
INSERT INTO Post ( posterId, content, isVisible, points) VALUES (31,'risus. Nulla eget metus eu erat semper rutrum. Fusce dolor quam, elementum
at, egestas a, scelerisque sed, sapien. Nunc pulvinar arcu et pede. Nunc', 'true', 1);
INSERT INTO Post ( posterId, content, isVisible, points) VALUES (31,'Vivamus molestie dapibus ligula. Aliquam erat volutpat. Nulla dignissim.
Maecenas', 'true', 3);
INSERT INTO Post ( posterId, content, isVisible, points) VALUES (31,'mauris elit, dictum eu, eleifend nec, malesuada ut, sem. Nulla interdum.
Curabitur dictum. Phasellus in felis. Nulla tempor augue ac ipsum. Phasellus
vitae', 'false', 1);
INSERT INTO Post ( posterId, content, isVisible, points) VALUES (31,'nascetur ridiculus mus. Aenean eget magna. Suspendisse tristique neque
venenatis lacus. Etiam bibendum fermentum metus. Aenean sed',
'false', 1);
INSERT INTO Post ( posterId, content, isVisible, points) VALUES (42,'Mauris quis turpis vitae purus gravida sagittis. Duis gravida. Praesent eu
nulla at sem', 'true', 3);
INSERT INTO Post ( posterId, content, isVisible, points) VALUES (41,'ipsum. Curabitur consequat, lectus sit amet luctus vulputate, nisi sem
semper erat, in consectetuer', 'false', 2);
INSERT INTO Post ( posterId, content, isVisible, points) VALUES (45,'sagittis semper. Nam tempor diam dictum sapien. Aenean massa. Integer vitae
nibh. Donec est mauris, rhoncus  mollis', 'false', 2);
INSERT INTO Post ( posterId, content, isVisible, points) VALUES (46,'malesuada fames ac turpis egestas. Fusce aliquet magna a neque. Nullam
ut', 'true', 3);
INSERT INTO Post ( posterId, content, isVisible, points) VALUES (35,'Praesent eu dui. Cum sociis natoque penatibus et magnis dis', 'false', 2);
INSERT INTO Post ( posterId, content, isVisible, points) VALUES (29,'mus. Aenean eget magna. Suspendisse tristique neque venenatis lacus. Etiam
bibendum fermentum metus. Aenean sed pede nec', 'true', 2);
INSERT INTO Post ( posterId, content, isVisible, points) VALUES (26,'Donec fringilla. Donec feugiat metus sit amet ante. Vivamus non', 'true', 3);
INSERT INTO Post ( posterId, content, isVisible, points) VALUES (27,'purus, in molestie tortor nibh sit amet orci. Ut sagittis lobortis mauris.
Suspendisse aliquet molestie tellus. Aenean egestas hendrerit neque. In ornare
sagittis', 'false', 3);
INSERT INTO Post ( posterId, content, isVisible, points) VALUES (28,'enim. Etiam imperdiet dictum magna. Ut tincidunt orci quis lectus. Nullam
suscipit', 'false', 1);
INSERT INTO Post ( posterId, content, isVisible, points) VALUES (28,'ipsum non arcu. Vivamus sit amet risus. Donec egestas. Aliquam nec enim.
Nunc ut erat. Sed nunc', 'false', 2);
INSERT INTO Post ( posterId, content, isVisible, points) VALUES (29,'montes, nascetur ridiculus mus. Aenean eget magna. Suspendisse tristique
neque venenatis lacus. Etiam bibendum fermentum metus. Aenean sed pede nec ante
blandit viverra. Donec tempus,', 'false', 1);
INSERT INTO Post ( posterId, content, isVisible, points) VALUES (31,'nec, mollis vitae, posuere at, velit. Cras lorem lorem, luctus ut,
pellentesque eget, dictum placerat, augue. Sed molestie. Sed id risus', 'false', 3);
INSERT INTO Post ( posterId, content, isVisible, points) VALUES (41,'ligula. Nullam feugiat placerat velit. Quisque varius. Nam porttitor
scelerisque neque. Nullam nisl. Maecenas malesuada fringilla est. Mauris eu', 'true', 3);
INSERT INTO Post ( posterId, content, isVisible, points) VALUES (34,'libero. Proin sed turpis nec mauris blandit mattis. Cras eget nisi dictum
augue malesuada malesuada. Integer id magna et ipsum cursus vestibulum. Mauris', 'false', 3);
INSERT INTO Post ( posterId, content, isVisible, points) VALUES (45,'sem egestas blandit. Nam nulla magna, malesuada vel, convallis in, cursus
et, eros. Proin ultrices.', 'true', 3);
INSERT INTO Question (postId, isClosed, nViews, title) VALUES (21, 'true', 18,
'velit. Pellentesque ultricies');
INSERT INTO Question (postId, isClosed, nViews, title) VALUES (2, 'true', 15,
'diam. Sed');
INSERT INTO Question (postId, isClosed, nViews, title) VALUES (3, 'true', 20,
'nulla. Integer');
INSERT INTO Question (postId, isClosed, nViews, title) VALUES (4, 'false', 19,
'cursus in, hendrerit');
INSERT INTO Question (postId, isClosed, nViews, title) VALUES (5, 'false', 12,
'fermentum risus, at');
INSERT INTO Question (postId, isClosed, nViews, title) VALUES (6, 'true', 17,
'semper et, lacinia');
INSERT INTO Question (postId, isClosed, nViews, title) VALUES (7, 'true', 20,
'rhoncus  ');
INSERT INTO Question (postId, isClosed, nViews, title) VALUES (8, 'false', 6,
'orci. Ut semper');
INSERT INTO Question (postId, isClosed, nViews, title) VALUES (9, 'true', 3,
'lobortis');
INSERT INTO Question (postId, isClosed, nViews, title) VALUES (10, 'false', 4,
'volutpat.');
INSERT INTO Question (postId, isClosed, nViews, title) VALUES (11, 'true', 10,
'molestie tellus.');
INSERT INTO Question (postId, isClosed, nViews, title) VALUES (12, 'true', 9,
'egestas.');
INSERT INTO Question (postId, isClosed, nViews, title) VALUES (13, 'true', 19,
'sociis');
INSERT INTO Question (postId, isClosed, nViews, title) VALUES (14, 'true', 7,
'quis diam luctus');
INSERT INTO Question (postId, isClosed, nViews, title) VALUES (15, 'false', 11,
'aliquet odio.');
INSERT INTO Question (postId, isClosed, nViews, title) VALUES (16, 'false', 19,
'euismod et, ');
INSERT INTO Question (postId, isClosed, nViews, title) VALUES (17, 'true', 15,
'montes, nascetur');
INSERT INTO Question (postId, isClosed, nViews, title) VALUES (18, 'true', 9,
'Duis a');
INSERT INTO Question (postId, isClosed, nViews, title) VALUES (19, 'true', 19,
'orci, in');
INSERT INTO Question (postId, isClosed, nViews, title) VALUES (20, 'true', 4,
'Nam');
INSERT INTO Answer (postId, questionId, isCorrect) VALUES (31,11, 'false');
INSERT INTO Answer (postId, questionId, isCorrect) VALUES (2,10, 'false');
INSERT INTO Answer (postId, questionId, isCorrect) VALUES (3,10, 'true');
INSERT INTO Answer (postId, questionId, isCorrect) VALUES (4,10, 'false');
INSERT INTO Answer (postId, questionId, isCorrect) VALUES (5,10, 'true');
INSERT INTO Answer (postId, questionId, isCorrect) VALUES (6,10, 'false');
INSERT INTO Answer (postId, questionId, isCorrect) VALUES (7,10, 'true');
INSERT INTO Answer (postId, questionId, isCorrect) VALUES (8,10, 'false');
INSERT INTO Answer (postId, questionId, isCorrect) VALUES (9,10, 'false');
INSERT INTO Answer (postId, questionId, isCorrect) VALUES (10,10, 'true');
INSERT INTO Answer (postId, questionId, isCorrect) VALUES (11,10, 'false');
INSERT INTO Answer (postId, questionId, isCorrect) VALUES (12,10, 'true');
INSERT INTO Answer (postId, questionId, isCorrect) VALUES (13,10, 'false');
INSERT INTO Answer (postId, questionId, isCorrect) VALUES (14,10, 'true');
INSERT INTO Answer (postId, questionId, isCorrect) VALUES (15,10, 'false');
INSERT INTO Answer (postId, questionId, isCorrect) VALUES (16,10, 'false');
INSERT INTO Answer (postId, questionId, isCorrect) VALUES (17,10, 'false');
INSERT INTO Answer (postId, questionId, isCorrect) VALUES (18,10, 'true');
INSERT INTO Answer (postId, questionId, isCorrect) VALUES (19,10, 'false');
INSERT INTO Answer (postId, questionId, isCorrect) VALUES (20,10, 'true');
INSERT INTO Answer (postId, questionId, isCorrect) VALUES (21,10, 'true');
INSERT INTO Answer (postId, questionId, isCorrect) VALUES (22,10, 'true');
INSERT INTO Answer (postId, questionId, isCorrect) VALUES (23,10, 'false');
INSERT INTO Answer (postId, questionId, isCorrect) VALUES (24,10, 'false');
INSERT INTO Answer (postId, questionId, isCorrect) VALUES (25,10, 'true');
INSERT INTO Answer (postId, questionId, isCorrect) VALUES (26,10, 'true');
INSERT INTO Answer (postId, questionId, isCorrect) VALUES (27,10, 'true');
INSERT INTO Answer (postId, questionId, isCorrect) VALUES (28,10, 'false');
INSERT INTO Answer (postId, questionId, isCorrect) VALUES (29,10, 'true');
INSERT INTO Answer (postId, questionId, isCorrect) VALUES (30,10, 'false');
INSERT INTO TagQuestion (question_id, tag_id) VALUES (10, 1);
INSERT INTO TagQuestion (question_id, tag_id) VALUES (10, 2);
INSERT INTO TagQuestion (question_id, tag_id) VALUES (10, 3);
INSERT INTO TagQuestion (question_id, tag_id) VALUES (10, 4);
INSERT INTO TagQuestion (question_id, tag_id) VALUES (10, 5);
INSERT INTO TagQuestion (question_id, tag_id) VALUES (10, 6);
INSERT INTO TagQuestion (question_id, tag_id) VALUES (10, 7);
INSERT INTO TagQuestion (question_id, tag_id) VALUES (10, 8);
INSERT INTO TagQuestion (question_id, tag_id) VALUES (10, 9);
INSERT INTO TagQuestion (question_id, tag_id) VALUES (10, 10);
INSERT INTO TagQuestion (question_id, tag_id) VALUES (11, 1);
INSERT INTO TagQuestion (question_id, tag_id) VALUES (11, 2);
INSERT INTO TagQuestion (question_id, tag_id) VALUES (11, 3);
INSERT INTO TagQuestion (question_id, tag_id) VALUES (11, 4);
INSERT INTO TagQuestion (question_id, tag_id) VALUES (11, 5);
INSERT INTO TagQuestion (question_id, tag_id) VALUES (11, 6);
INSERT INTO TagQuestion (question_id, tag_id) VALUES (11, 7);
INSERT INTO TagQuestion (question_id, tag_id) VALUES (11, 8);
INSERT INTO TagQuestion (question_id, tag_id) VALUES (11, 9);
INSERT INTO TagQuestion (question_id, tag_id) VALUES (11, 10);
INSERT INTO PostVote (postId, posterId, value) VALUES (10, 31, '-1');
INSERT INTO PostVote (postId, posterId, value) VALUES (10, 32, '1');
INSERT INTO PostVote (postId, posterId, value) VALUES (10, 33, '1');
INSERT INTO PostVote (postId, posterId, value) VALUES (10, 34, '1');
INSERT INTO PostVote (postId, posterId, value) VALUES (10, 35, '1');
INSERT INTO PostVote (postId, posterId, value) VALUES (10, 36, '-1');
INSERT INTO PostVote (postId, posterId, value) VALUES (10, 37, '-1');
INSERT INTO PostVote (postId, posterId, value) VALUES (10, 38, '-1');
INSERT INTO PostVote (postId, posterId, value) VALUES (10, 39, '1');
INSERT INTO PostVote (postId, posterId, value) VALUES (10, 40, '1');
INSERT INTO PostVote (postId, posterId, value) VALUES (10, 41, '-1');
INSERT INTO PostVote (postId, posterId, value) VALUES (10, 42, '1');
INSERT INTO PostVote (postId, posterId, value) VALUES (10, 43, '1');
INSERT INTO PostVote (postId, posterId, value) VALUES (10, 44, '1');
INSERT INTO PostVote (postId, posterId, value) VALUES (10, 45, '-1');
INSERT INTO PostVote (postId, posterId, value) VALUES (10, 46, '1');
INSERT INTO PostVote (postId, posterId, value) VALUES (10, 47, '-1');
INSERT INTO PostVote (postId, posterId, value) VALUES (10, 48, '1');
INSERT INTO PostVote (postId, posterId, value) VALUES (10, 49, '-1');
INSERT INTO PostVote (postId, posterId, value) VALUES (10, 50, '1');
INSERT INTO PostVote (postId, posterId, value) VALUES (10, 26, '1');
INSERT INTO PostVote (postId, posterId, value) VALUES (10, 27, '-1');
INSERT INTO PostVote (postId, posterId, value) VALUES (10, 28, '-1');
INSERT INTO PostVote (postId, posterId, value) VALUES (10, 29, '-1');
INSERT INTO PostVote (postId, posterId, value) VALUES (10, 30, '1');
INSERT INTO PostReport (postId,reason, reporterId) VALUES (10,'reason', 31);
INSERT INTO PostReport (postId,reason, reporterId) VALUES (10,'reason', 36);
INSERT INTO PostReport (postId,reason, reporterId) VALUES (10,'reason', 33);
INSERT INTO PostReport (postId,reason, reporterId) VALUES (10,'reason', 34);
INSERT INTO PostReport (postId,reason, reporterId) VALUES (10,'reason', 37);
INSERT INTO PostReport (postId,reason, reporterId) VALUES (10,'reason', 38);
INSERT INTO PostReport (postId,reason, reporterId) VALUES (10,'reason', 27);
INSERT INTO PostReport (postId,reason, reporterId) VALUES (10,'reason', 39);
INSERT INTO PostReport (postId,reason, reporterId) VALUES (10,'reason', 49);
INSERT INTO PostReport (postId,reason, reporterId) VALUES (10,'reason', 30);
INSERT INTO PostReport (postId,reason, reporterId) VALUES (10,'reason', 41);
INSERT INTO PostReport (postId,reason, reporterId) VALUES (10,'reason', 32);
INSERT INTO PostReport (postId,reason, reporterId) VALUES (10,'reason', 40);
INSERT INTO PostReport (postId,reason, reporterId) VALUES (10,'reason', 44);
INSERT INTO PostReport (postId,reason, reporterId) VALUES (10,'reason', 45);
INSERT INTO faqcategory (id,name) VALUES (3,'category-1');
INSERT INTO faqcategory (id,name) VALUES (4,'category-2');
INSERT INTO FaqEntry (id,category,question, answer) VALUES (3,3, 'Is account registration
required?', 'Account registration at Code Home is only required if you want to
post or responde to questions.');
INSERT INTO FaqEntry (id,category,question, answer) VALUES (4,4, 'How to avoid being banned?',
'Respect other users. Respond only when you have knowldge about the theme. Bump is
only allowed after 48 hours with no response');
INSERT INTO Team ( name) VALUES ( 'Design');
INSERT INTO Team ( name) VALUES ( 'Quality Assurance');
INSERT INTO Team ( name) VALUES ( 'Engineering');
INSERT INTO Team ( name) VALUES ( 'Sales/Business');
INSERT INTO TeamMember ( name, email, title, joinDate, img_path) VALUES (
'Sophia West', 'nunc.sed@libero.org', 'Tester', now(), '0.png');
INSERT INTO TeamMember ( name, email, title, joinDate, img_path) VALUES (
'Eric Greene', 'blandit.Nam@justosit.edu', ' Markter', now(), '0.png');
INSERT INTO TeamMember ( name, email, title, joinDate, img_path) VALUES (
'Derek Doyle', 'ornare.Fusce@anteblandit.ca', 'Engineer', now(), '0.png');
INSERT INTO TeamMember ( name, email, title, joinDate, img_path) VALUES (
'Griffin Mcneil', 'nec.quam.Curabitur@ascelerisque.com', 'Designer',
now(), '0.png');
INSERT INTO TeamMember ( name, email, title, joinDate, img_path) VALUES (
'Pascale Simpson', 'nibh.enim.gravida@neccursus.net', 'Tester', now(),
'0.png');
INSERT INTO TeamToTeamMember (teamID, teamMemberId) VALUES (1, 1);
INSERT INTO TeamToTeamMember (teamID, teamMemberId) VALUES (2, 2);
INSERT INTO TeamToTeamMember (teamID, teamMemberId) VALUES (3, 3);
INSERT INTO TeamToTeamMember (teamID, teamMemberId) VALUES (4, 4);
INSERT INTO TeamToTeamMember (teamID, teamMemberId) VALUES (4, 3);